i,j,a
1,1,588293
2,1,93
3,1,833
4,1,691
5,1,2087
6,1,2340
7,1,101
8,1,81
9,1,13
10,1,12635
11,1,18799
12,1,1268
13,1,263
14,1,2823
15,1,1562
16,1,207
17,1,434
18,1,925
19,1,3065
20,1,634
21,1,228
22,1,1201
23,1,3527
24,1,123
25,1,8922
26,1,1395
27,1,449
28,1,169
29,1,280
30,1,193
31,1,189
32,1,410
33,1,1812
34,1,5420
35,1,97
36,1,1567
37,1,591
38,1,758
39,1,1332
41,1,2999
43,1,9326
44,1,8747
45,1,486
47,1,4930
48,1,1821
49,1,221
50,1,708
51,1,51
1,2,1771
2,2,100280
3,2,5001
4,2,560
5,2,7358
6,2,3191
7,2,180
8,2,329
9,2,135
10,2,7405
11,2,1079
12,2,844
13,2,4510
14,2,4119
15,2,371
16,2,967
17,2,108
19,2,288
20,2,37
21,2,671
22,2,225
23,2,3456
24,2,893
25,2,117
26,2,2043
27,2,1118
28,2,721
29,2,597
31,2,1198
32,2,416
33,2,6124
34,2,3991
35,2,393
36,2,1637
37,2,1137
38,2,1935
39,2,759
41,2,2421
42,2,554
43,2,531
44,2,6670
45,2,2151
46,2,580
47,2,3202
48,2,5266
49,2,598
50,2,432
51,2,761
1,3,1677
2,3,2467
3,3,1028366
4,3,439
5,3,35650
6,3,12338
7,3,1387
8,3,541
9,3,43
10,3,8451
11,3,4292
12,3,2900
13,3,3543
14,3,7657
15,3,3975
16,3,1411
17,3,2028
18,3,1818
19,3,2010
20,3,325
21,3,945
22,3,1017
23,3,3840
24,3,2314
25,3,556
26,3,2356
27,3,1971
28,3,1646
29,3,10142
30,3,246
31,3,3784
32,3,7444
33,3,2821
34,3,4286
35,3,1313
36,3,6763
37,3,3770
38,3,7911
39,3,2278
40,3,214
41,3,1971
42,3,1422
43,3,1346
44,3,20073
45,3,6585
46,3,310
47,3,4679
48,3,12397
49,3,50
50,3,4045
51,3,369
1,4,1642
2,4,190
3,4,1066
4,4,405831
5,4,2648
6,4,1615
7,4,84
9,4,81
10,4,3025
11,4,2112
12,4,242
13,4,224
14,4,3185
15,4,2016
16,4,433
17,4,998
18,4,1058
19,4,2774
20,4,38
21,4,423
22,4,167
23,4,2054
24,4,951
25,4,2315
26,4,6168
27,4,49
28,4,161
29,4,310
30,4,22
31,4,57
32,4,682
33,4,1041
34,4,327
35,4,249
36,4,1952
37,4,6894
38,4,988
39,4,582
41,4,1333
42,4,659
43,4,7393
44,4,16461
45,4,422
47,4,645
48,4,756
49,4,225
50,4,335
51,4,174
1,5,3389
2,5,3098
3,5,49635
4,5,4077
5,5,5271168
6,5,23234
7,5,3699
8,5,699
9,5,3797
10,5,22420
11,5,14949
12,5,10173
13,5,9021
14,5,13930
15,5,7649
16,5,3297
17,5,4743
18,5,2130
19,5,3957
20,5,829
21,5,8595
22,5,11556
23,5,7793
24,5,6638
25,5,4723
26,5,8386
27,5,3033
28,5,5124
29,5,40114
30,5,547
31,5,5986
32,5,7066
33,5,25761
34,5,15373
35,5,1356
36,5,9032
37,5,8233
38,5,34214
39,5,10672
40,5,1949
41,5,6592
42,5,1286
43,5,7130
44,5,58992
45,5,18237
46,5,819
47,5,19371
48,5,38421
49,5,1442
50,5,6637
51,5,2539
1,6,348
2,6,1583
3,6,10189
4,6,746
5,6,21245
6,6,763233
7,6,1502
8,6,169
9,6,452
10,6,9383
11,6,2325
12,6,950
13,6,1813
14,6,3271
15,6,1930
16,6,2891
17,6,5030
18,6,221
19,6,1202
20,6,290
21,6,1796
22,6,1388
23,6,3425
24,6,2662
25,6,484
26,6,3144
27,6,2856
28,6,3245
29,6,2714
30,6,403
31,6,2203
32,6,5525
33,6,3724
34,6,3919
35,6,1229
36,6,2690
37,6,3273
38,6,2110
39,6,2491
40,6,301
41,6,1000
42,6,1021
43,6,1372
44,6,19126
45,6,3986
46,6,529
47,6,4908
48,6,3938
49,6,124
50,6,2592
51,6,6905
1,7,2921
2,7,138
3,7,1875
4,7,519
5,7,3073
6,7,1567
7,7,316883
8,7,66
9,7,981
10,7,11704
11,7,709
12,7,731
14,7,1819
15,7,1227
16,7,424
17,7,412
18,7,176
19,7,358
20,7,2481
21,7,1608
22,7,9445
23,7,1656
24,7,74
25,7,54
26,7,1516
27,7,58
28,7,381
29,7,189
30,7,1617
31,7,1924
33,7,15123
34,7,1975
36,7,1189
37,7,97
38,7,949
39,7,4150
40,7,2613
41,7,1752
43,7,150
44,7,2927
45,7,562
46,7,2105
47,7,5376
48,7,1026
49,7,594
50,7,993
51,7,11
1,8,232
2,8,11
4,8,79
5,8,1302
6,8,501
7,8,62
8,8,83156
9,8,128
10,8,1264
11,8,619
12,8,784
14,8,277
15,8,79
17,8,74
20,8,238
21,8,6652
22,8,399
24,8,86
27,8,365
29,8,184
30,8,20
31,8,2100
33,8,1124
34,8,954
35,8,84
36,8,263
37,8,66
38,8,251
39,8,5177
41,8,841
43,8,155
44,8,884
46,8,107
47,8,961
49,8,89
50,8,219
1,9,399
2,9,140
3,9,389
5,9,3240
6,9,298
7,9,607
8,9,154
9,9,66519
10,9,891
11,9,364
12,9,222
14,9,1440
17,9,128
18,9,201
19,9,195
20,9,239
21,9,18492
22,9,676
23,9,256
24,9,367
25,9,415
26,9,215
28,9,29
29,9,983
30,9,68
31,9,781
32,9,212
33,9,3702
34,9,1135
36,9,587
37,9,191
38,9,349
39,9,1401
41,9,589
43,9,307
44,9,2276
45,9,132
46,9,27
47,9,6854
48,9,358
49,9,300
50,9,123
1,10,20063
2,10,1188
3,10,3732
4,10,3067
5,10,22094
6,10,8075
7,10,4771
8,10,810
9,10,1254
10,10,2454255
11,10,42666
12,10,3160
13,10,1733
14,10,17548
15,10,8595
16,10,707
17,10,1581
18,10,7400
19,10,5193
20,10,4304
21,10,7825
22,10,11396
23,10,17712
24,10,2820
25,10,6152
26,10,4513
27,10,291
28,10,1105
29,10,2923
30,10,1970
31,10,12907
32,10,2806
33,10,29344
34,10,28044
35,10,459
36,10,16492
37,10,6056
38,10,3384
39,10,19299
40,10,2230
41,10,15476
42,10,101
43,10,15491
44,10,35777
45,10,1643
46,10,366
47,10,17773
48,10,6094
49,10,2949
50,10,4338
51,10,1525
1,11,19346
2,11,556
3,11,2206
4,11,1446
5,11,13303
6,11,3250
7,11,2000
8,11,639
9,11,937
10,11,38658
11,11,1289450
12,11,2519
13,11,275
14,11,6042
15,11,2543
16,11,1938
17,11,1146
18,11,2725
19,11,4425
20,11,507
21,11,7113
22,11,3264
23,11,4254
24,11,840
25,11,3136
26,11,2964
27,11,231
28,11,434
29,11,1731
30,11,535
31,11,4268
32,11,676
33,11,10584
34,11,16192
35,11,364
36,11,4290
37,11,3514
38,11,1946
39,11,4627
40,11,476
41,11,16355
42,11,69
43,11,17507
44,11,17401
45,11,1052
46,11,101
47,11,8715
48,11,8705
49,11,1296
50,11,1745
51,11,46
1,12,1259
2,12,1366
3,12,2199
4,12,13
5,12,9864
6,12,1852
7,12,587
8,12,201
9,12,372
10,12,3639
11,12,1006
12,12,122727
13,12,254
14,12,1269
15,12,1057
16,12,299
17,12,287
18,12,63
19,12,688
20,12,177
21,12,1170
22,12,733
23,12,630
24,12,901
25,12,369
26,12,871
27,12,32
28,12,275
29,12,4093
31,12,264
32,12,81
33,12,1002
34,12,1806
35,12,138
36,12,1044
37,12,140
38,12,2491
39,12,495
41,12,712
43,12,179
44,12,6106
45,12,1701
46,12,143
47,12,2917
48,12,5940
49,12,147
50,12,1108
1,13,137
2,13,475
3,13,2190
4,13,179
5,13,4796
6,13,1578
7,13,133
8,13,441
9,13,68
10,13,312
11,13,126
12,13,112
13,13,208434
14,13,393
15,13,1368
16,13,161
17,13,264
18,13,36
19,13,230
21,13,389
22,13,412
23,13,882
24,13,402
25,13,55
26,13,560
27,13,1543
28,13,506
29,13,3929
31,13,256
32,13,355
33,13,434
34,13,675
35,13,1209
36,13,312
37,13,21
38,13,6236
39,13,236
40,13,107
41,13,55
42,13,186
44,13,4379
45,13,7538
47,13,434
48,13,10895
49,13,120
50,13,566
51,13,2140
1,14,6991
2,14,985
3,14,10035
4,14,3684
5,14,20834
6,14,6027
7,14,1843
8,14,34
9,14,1397
10,14,19152
11,14,6080
12,14,1884
13,14,390
14,14,1353853
15,14,23071
16,14,13725
17,14,2760
18,14,4273
19,14,1189
20,14,675
21,14,2392
22,14,2991
23,14,9897
24,14,8209
25,14,2068
26,14,20161
27,14,765
28,14,1415
29,14,1668
30,14,478
31,14,3690
32,14,466
33,14,6914
34,14,5971
35,14,571
36,14,7027
37,14,2179
38,14,1350
39,14,3902
40,14,373
41,14,2371
42,14,267
43,14,8593
44,14,15064
45,14,1447
46,14,386
47,14,4000
48,14,2062
49,14,1331
50,14,25521
51,14,450
1,15,1434
2,15,181
3,15,5855
4,15,1362
5,15,4673
6,15,2116
7,15,168
8,15,210
9,15,128
10,15,11472
11,15,2442
12,15,402
13,15,296
14,15,23491
15,15,809158
16,15,349
17,15,863
18,15,11071
19,15,1549
20,15,164
21,15,1318
22,15,640
23,15,7668
24,15,786
25,15,611
26,15,4404
27,15,646
28,15,615
29,15,855
30,15,470
31,15,718
32,15,2030
33,15,2198
34,15,3228
35,15,130
36,15,11588
37,15,2113
38,15,1371
39,15,4086
40,15,41
41,15,3249
42,15,285
43,15,5645
44,15,10265
45,15,545
46,15,258
47,15,2703
48,15,2303
49,15,210
50,15,4017
51,15,6
1,16,30
2,16,319
3,16,4526
4,16,851
5,16,3324
6,16,3510
7,16,67
9,16,241
10,16,1846
11,16,950
12,16,478
13,16,318
14,16,8420
15,16,916
16,16,370554
17,16,1715
18,16,536
19,16,468
20,16,275
21,16,110
22,16,138
23,16,1709
24,16,6175
25,16,650
26,16,4811
27,16,417
28,16,9575
29,16,114
30,16,47
31,16,332
33,16,928
34,16,654
35,16,208
36,16,1146
37,16,580
38,16,659
39,16,1176
40,16,82
41,16,1379
42,16,4772
43,16,387
44,16,3236
45,16,290
47,16,1503
48,16,1000
50,16,3306
51,16,342
1,17,842
2,17,750
3,17,1708
4,17,2008
5,17,2810
6,17,3718
7,17,16
8,17,7
9,17,6
10,17,2661
11,17,4513
12,17,125
13,17,479
14,17,2533
15,17,1321
16,17,1776
17,17,362782
18,17,253
19,17,312
20,17,523
21,17,689
22,17,969
23,17,1148
24,17,606
25,17,66
26,17,20884
27,17,845
28,17,3040
29,17,602
31,17,317
32,17,1333
33,17,838
34,17,4995
35,17,75
36,17,657
37,17,4626
38,17,1263
39,17,2323
40,17,374
41,17,1885
42,17,144
43,17,1805
44,17,12766
45,17,1146
46,17,7
47,17,892
48,17,2820
50,17,418
51,17,286
1,18,2686
2,18,237
3,18,2134
4,18,213
5,18,1201
6,18,1361
8,18,305
9,18,297
10,18,5441
11,18,3686
12,18,18
13,18,120
14,18,5569
15,18,10177
16,18,387
17,18,1167
18,18,505741
19,18,1520
20,18,158
21,18,848
22,18,180
23,18,2578
24,18,755
25,18,1626
26,18,1993
28,18,352
29,18,628
31,18,102
32,18,87
33,18,2414
34,18,1637
36,18,12744
37,18,1398
38,18,71
39,18,4013
40,18,211
41,18,2454
42,18,211
43,18,13884
44,18,6616
45,18,611
46,18,627
47,18,3630
48,18,1271
49,18,515
50,18,1040
51,18,83
1,19,2413
2,19,1077
3,19,844
4,19,2120
5,19,3600
6,19,908
7,19,315
10,19,6094
11,19,6541
12,19,179
13,19,51
14,19,1315
15,19,2241
16,19,228
17,19,519
18,19,1399
19,19,538691
20,19,138
21,19,860
22,19,977
23,19,955
24,19,573
25,19,7139
26,19,1728
28,19,222
29,19,78
31,19,871
32,19,184
33,19,1495
34,19,2936
35,19,422
36,19,1872
37,19,1934
39,19,615
40,19,121
41,19,878
43,19,1901
44,19,25513
45,19,494
46,19,41
47,19,2496
48,19,1016
49,19,326
50,19,850
51,19,114
1,20,626
4,20,30
5,20,1658
6,20,1358
7,20,259
10,20,4689
11,20,408
12,20,106
14,20,693
15,20,275
16,20,26
17,20,481
18,20,71
19,20,120
20,20,157102
21,20,1526
22,20,4006
23,20,599
24,20,321
26,20,291
27,20,71
28,20,122
29,20,49
30,20,3080
31,20,624
32,20,510
33,20,2915
34,20,824
35,20,50
37,20,271
38,20,269
39,20,608
40,20,228
41,20,652
43,20,9
44,20,1357
46,20,322
47,20,2855
48,20,1313
49,20,45
50,20,12
1,21,1606
2,21,216
3,21,1918
4,21,133
5,21,7793
6,21,3303
7,21,1267
8,21,4238
9,21,14129
10,21,15410
11,21,3708
12,21,341
14,21,2565
15,21,480
16,21,487
17,21,3180
18,21,2076
19,21,1221
20,21,52
21,21,553895
22,21,2762
23,21,1035
24,21,424
25,21,265
26,21,716
27,21,57
28,21,318
29,21,931
30,21,222
31,21,5335
32,21,2277
33,21,5037
34,21,10485
35,21,10
36,21,4982
37,21,432
38,21,453
39,21,17751
40,21,472
41,21,3807
42,21,254
43,21,1135
44,21,9443
45,21,342
46,21,361
47,21,22051
48,21,1899
49,21,7515
50,21,147
1,22,112
2,22,141
3,22,743
4,22,781
5,22,10244
6,22,2157
7,22,8691
8,22,806
9,22,2048
10,22,13701
11,22,4436
12,22,92
13,22,396
14,22,3507
15,22,952
16,22,466
17,22,28
18,22,1019
19,22,439
20,22,4439
21,22,3470
22,22,656441
23,22,2861
24,22,970
25,22,1445
26,22,463
27,22,10
29,22,256
30,22,15526
31,22,4675
32,22,252
33,22,14646
34,22,9053
35,22,369
36,22,2101
37,22,160
38,22,1423
39,22,6284
40,22,7715
41,22,730
42,22,113
43,22,1690
44,22,5035
45,22,959
46,22,2378
47,22,5386
48,22,1580
49,22,236
50,22,733
51,22,152
1,23,2797
2,23,771
3,23,9396
4,23,1881
5,23,12069
6,23,3225
7,23,692
8,23,43
9,23,1108
10,23,19640
11,23,6992
12,23,1303
13,23,615
14,23,10274
15,23,7896
16,23,1687
17,23,1947
18,23,3178
19,23,1163
20,23,702
21,23,2077
22,23,2629
23,23,1242917
24,23,5164
25,23,1610
26,23,2830
27,23,353
28,23,683
29,23,1663
30,23,155
31,23,1889
32,23,908
33,23,3936
34,23,7530
35,23,328
36,23,14330
37,23,1038
38,23,1652
39,23,4406
40,23,178
41,23,4483
42,23,239
43,23,5983
44,23,15654
45,23,1099
46,23,335
47,23,7323
48,23,3720
49,23,459
50,23,5623
51,23,849
1,24,327
2,24,593
3,24,3297
4,24,232
5,24,5687
6,24,3055
7,24,76
8,24,201
9,24,409
10,24,4663
11,24,1808
12,24,933
13,24,566
14,24,4496
15,24,1168
16,24,5634
17,24,679
18,24,475
19,24,698
20,24,296
21,24,810
22,24,862
23,24,2671
24,24,646176
25,24,614
26,24,2026
27,24,969
28,24,1455
29,24,1055
30,24,104
31,24,1261
32,24,438
33,24,1824
34,24,1294
35,24,12244
36,24,1788
37,24,497
38,24,1413
39,24,853
40,24,27
41,24,471
42,24,5342
43,24,445
44,24,7691
45,24,939
46,24,206
47,24,834
48,24,1543
50,24,17927
51,24,357
1,25,3945
2,25,554
3,25,1226
4,25,1731
5,25,2092
6,25,879
7,25,69
9,25,83
10,25,5175
11,25,5380
12,25,371
13,25,62
14,25,1521
15,25,469
16,25,408
17,25,1517
18,25,1248
19,25,10255
21,25,1109
22,25,356
23,25,715
24,25,549
25,25,332934
26,25,1641
28,25,424
29,25,203
30,25,160
31,25,510
32,25,556
33,25,401
34,25,1273
35,25,80
36,25,691
37,25,199
38,25,7
39,25,1238
41,25,2163
42,25,129
43,25,9172
44,25,6048
45,25,143
47,25,1682
48,25,1110
50,25,983
51,25,70
1,26,1086
2,26,921
3,26,3872
4,26,7314
5,26,7677
6,26,4552
7,26,365
8,26,713
9,26,112
10,26,7114
11,26,2514
12,26,308
13,26,384
14,26,13889
15,26,1824
16,26,3649
17,26,22033
18,26,2793
19,26,1375
20,26,325
21,26,1469
22,26,1261
23,26,2509
24,26,1345
25,26,1581
26,26,801046
27,26,158
28,26,1848
29,26,335
30,26,153
31,26,583
32,26,1183
33,26,1417
34,26,2638
35,26,330
36,26,2003
37,26,5781
38,26,1172
39,26,1761
40,26,109
41,26,1522
42,26,354
43,26,3795
44,26,13473
45,26,511
46,26,69
47,26,2277
48,26,3307
49,26,309
50,26,2090
51,26,241
1,27,317
2,27,248
3,27,2431
4,27,713
5,27,2599
6,27,4079
7,27,206
9,27,38
10,27,559
11,27,246
12,27,85
13,27,1602
14,27,304
15,27,34
16,27,370
17,27,270
18,27,216
19,27,278
20,27,10
21,27,73
22,27,596
23,27,84
24,27,1457
26,27,845
27,27,122210
28,27,64
29,27,1137
30,27,230
31,27,49
32,27,544
33,27,391
34,27,563
35,27,1227
36,27,101
37,27,803
38,27,1079
39,27,338
41,27,915
42,27,232
43,27,43
44,27,537
45,27,1241
47,27,617
48,27,2125
49,27,60
50,27,143
51,27,1105
1,28,770
2,28,5
3,28,1393
4,28,332
5,28,1955
6,28,4582
7,28,62
8,28,12
9,28,79
10,28,3857
11,28,4144
12,28,91
13,28,439
14,28,827
15,28,622
16,28,6490
17,28,1648
18,28,471
19,28,176
22,28,637
23,28,439
24,28,1936
25,28,118
26,28,4860
27,28,384
28,28,253269
29,28,32
30,28,33
31,28,312
32,28,353
33,28,579
34,28,1056
35,28,218
36,28,1176
37,28,1979
38,28,324
39,28,582
41,28,204
42,28,1695
43,28,631
44,28,3837
45,28,195
47,28,256
48,28,673
49,28,78
50,28,483
51,28,1784
1,29,257
2,29,532
3,29,8756
4,29,641
5,29,36159
6,29,4061
7,29,160
9,29,238
10,29,3527
11,29,774
12,29,1548
13,29,3581
14,29,2454
15,29,511
16,29,2009
17,29,657
18,29,1358
19,29,994
20,29,150
21,29,1105
22,29,163
23,29,1215
24,29,2682
25,29,84
26,29,1544
27,29,688
28,29,240
29,29,480317
30,29,186
31,29,899
32,29,2099
33,29,1785
34,29,1048
35,29,845
36,29,1851
37,29,705
38,29,7222
39,29,1057
41,29,1017
42,29,110
43,29,883
44,29,7793
45,29,4315
46,29,15
47,29,1717
48,29,4925
49,29,293
50,29,663
51,29,427
1,30,64
2,30,520
3,30,228
4,30,52
5,30,1222
6,30,489
7,30,1221
9,30,145
10,30,4324
11,30,132
12,30,107
13,30,129
14,30,590
15,30,90
17,30,27
18,30,52
19,30,15
20,30,4302
21,30,232
22,30,12010
23,30,73
24,30,21
25,30,65
26,30,769
30,30,122129
31,30,499
32,30,114
33,30,2972
34,30,2078
36,30,1992
38,30,427
39,30,1326
40,30,941
41,30,372
43,30,132
44,30,459
45,30,34
46,30,2244
47,30,1344
48,30,824
49,30,160
50,30,480
1,31,1996
2,31,128
3,31,3379
4,31,341
5,31,8053
6,31,2863
7,31,3809
8,31,6297
9,31,1035
10,31,25206
11,31,8371
12,31,564
13,31,84
14,31,3009
15,31,651
16,31,185
17,31,1189
18,31,1289
19,31,453
20,31,694
21,31,9627
22,31,8332
23,31,1849
24,31,631
25,31,269
26,31,1114
27,31,889
28,31,119
29,31,2118
30,31,294
31,31,693380
32,31,245
33,31,41450
34,31,10374
35,31,183
36,31,3936
37,31,391
38,31,1322
39,31,36133
40,31,1224
41,31,4241
42,31,441
43,31,1396
44,31,7578
45,31,506
46,31,962
47,31,7327
48,31,2006
49,31,1431
50,31,378
51,31,7
1,32,119
2,32,226
3,32,4610
4,32,775
5,32,5904
6,32,8797
7,32,265
10,32,1376
11,32,791
12,32,354
13,32,141
14,32,1573
15,32,504
16,32,421
17,32,769
18,32,553
19,32,1028
20,32,144
21,32,797
22,32,199
23,32,508
24,32,540
25,32,1075
26,32,1016
27,32,264
28,32,242
29,32,2136
30,32,186
31,32,355
32,32,228218
33,32,461
34,32,1737
35,32,99
36,32,255
37,32,403
38,32,537
39,32,325
40,32,93
41,32,598
42,32,513
43,32,381
44,32,15225
45,32,1707
46,32,56
47,32,1014
48,32,1569
50,32,714
51,32,76
1,33,1108
2,33,940
3,33,3880
4,33,674
5,33,25629
6,33,3998
7,33,20015
8,33,3141
9,33,2313
10,33,59288
11,33,14454
12,33,4246
13,33,419
14,33,6412
15,33,2518
16,33,2361
17,33,780
18,33,2174
19,33,1360
20,33,2589
21,33,9222
22,33,19431
23,33,6087
24,33,2416
25,33,364
26,33,2904
27,33,422
28,33,544
29,33,1516
30,33,1471
31,33,40815
32,33,1445
33,33,1756105
34,33,18321
35,33,264
36,33,8784
37,33,1858
38,33,2056
39,33,29436
40,33,2776
41,33,11317
42,33,6
43,33,4921
44,33,26155
45,33,1937
46,33,3723
47,33,12455
48,33,4512
49,33,2017
50,33,2213
51,33,113
1,34,2697
2,34,470
3,34,2548
4,34,1664
5,34,8708
6,34,4756
7,34,1029
8,34,388
9,34,1716
10,34,23983
11,34,19138
12,34,2307
13,34,263
14,34,4057
15,34,3038
16,34,1760
17,34,1223
18,34,3916
19,34,2134
20,34,1439
21,34,6686
22,34,3964
23,34,3405
24,34,845
25,34,483
26,34,3669
27,34,1173
28,34,829
29,34,1333
30,34,1297
31,34,2482
32,34,522
33,34,9336
34,34,1160510
35,34,900
36,34,4572
37,34,1322
38,34,1099
39,34,11254
40,34,259
41,34,23102
42,34,166
43,34,9353
44,34,14956
45,34,1653
46,34,250
47,34,22753
48,34,3870
49,34,3865
50,34,2120
51,34,395
1,35,284
3,35,1159
4,35,214
5,35,1392
6,35,2249
9,35,285
10,35,514
11,35,201
12,35,32
13,35,1201
14,35,105
15,35,70
16,35,604
17,35,379
18,35,117
19,35,277
20,35,19
22,35,61
23,35,159
24,35,7574
26,35,977
27,35,360
28,35,292
30,35,47
31,35,61
32,35,264
33,35,374
34,35,189
35,35,79837
36,35,204
37,35,928
38,35,313
39,35,195
41,35,271
42,35,2060
43,35,50
44,35,809
45,35,2
47,35,462
48,35,189
50,35,1383
51,35,237
1,36,2596
2,36,319
3,36,4682
4,36,174
5,36,10474
6,36,5527
7,36,1383
8,36,664
9,36,306
10,36,18191
11,36,6863
12,36,970
13,36,260
14,36,8384
15,36,11109
16,36,993
17,36,1616
18,36,19617
19,36,2641
20,36,483
21,36,3396
22,36,1757
23,36,11224
24,36,1961
25,36,991
26,36,3240
27,36,321
28,36,268
29,36,1354
30,36,248
31,36,1121
32,36,1742
33,36,5191
34,36,10187
35,36,286
36,36,1425709
37,36,1608
38,36,949
39,36,13075
40,36,60
41,36,6327
42,36,84
43,36,5944
44,36,12315
45,36,2584
46,36,383
47,36,9570
48,36,2686
49,36,8545
50,36,1358
51,36,22
1,37,973
2,37,616
3,37,3219
4,37,3761
5,37,5113
6,37,3824
7,37,217
8,37,27
10,37,2600
11,37,1632
12,37,685
13,37,288
14,37,1002
15,37,844
16,37,532
17,37,5022
18,37,1256
19,37,4235
20,37,25
21,37,845
22,37,90
23,37,917
24,37,546
25,37,566
26,37,6073
27,37,96
28,37,1255
29,37,258
31,37,773
32,37,234
33,37,1425
34,37,1390
35,37,59
36,37,2333
37,37,528498
38,37,2034
39,37,283
41,37,1008
42,37,40
43,37,3166
44,37,19302
45,37,150
47,37,853
48,37,765
49,37,97
50,37,118
51,37,462
1,38,169
2,38,2161
3,38,4613
4,38,632
5,38,18165
6,38,5543
7,38,117
9,38,51
10,38,3315
11,38,727
12,38,2030
13,38,7170
14,38,792
15,38,505
16,38,811
17,38,285
18,38,459
19,38,1531
20,38,471
21,38,276
22,38,178
23,38,647
24,38,1800
25,38,74
26,38,777
27,38,1959
28,38,1556
29,38,1691
30,38,198
31,38,360
32,38,916
33,38,2189
34,38,1175
35,38,264
36,38,1326
37,38,917
38,38,549332
39,38,1594
40,38,57
41,38,833
42,38,15
43,38,726
44,38,3743
45,38,2037
46,38,124
47,38,3499
48,38,29168
49,38,132
50,38,1057
51,38,960
1,39,1075
2,39,378
3,39,3436
4,39,567
5,39,8550
6,39,3348
7,39,3668
8,39,8571
9,39,1589
10,39,20821
11,39,5791
12,39,870
13,39,343
14,39,3012
15,39,3998
16,39,388
17,39,1494
18,39,1490
19,39,455
20,39,915
21,39,14158
22,39,6538
23,39,2864
24,39,870
25,39,2568
26,39,1810
27,39,840
28,39,252
29,39,570
30,39,1015
31,39,19733
32,39,492
33,39,26596
34,39,9450
35,39,652
36,39,14292
37,39,1116
38,39,1407
39,39,1224564
40,39,1125
41,39,3523
42,39,57
43,39,3360
44,39,9107
45,39,1496
46,39,389
47,39,12009
48,39,2296
49,39,4205
50,39,1294
51,39,284
3,40,72
5,40,1103
6,40,435
7,40,1488
8,40,131
9,40,50
10,40,5002
11,40,337
12,40,58
14,40,278
15,40,49
16,40,65
17,40,180
18,40,640
19,40,268
20,40,234
21,40,197
22,40,10182
23,40,385
25,40,41
26,40,359
29,40,86
30,40,608
31,40,463
33,40,1393
34,40,444
36,40,369
37,40,152
39,40,799
40,40,101689
41,40,453
42,40,7
43,40,14
44,40,1297
46,40,401
47,40,1897
48,40,463
49,40,284
50,40,368
51,40,13
1,41,2036
2,41,186
3,41,1774
4,41,235
5,41,5758
6,41,718
7,41,997
8,41,153
9,41,357
10,41,11953
11,41,16914
12,41,1681
13,41,55
14,41,1582
15,41,3306
16,41,172
17,41,1102
18,41,1387
19,41,1573
20,41,587
21,41,2882
22,41,1621
23,41,2185
24,41,447
25,41,398
26,41,267
27,41,77
28,41,243
29,41,165
30,41,588
31,41,1586
32,41,145
33,41,6947
34,41,20427
35,41,1
36,41,3826
37,41,2015
38,41,370
39,41,3438
40,41,223
41,41,546666
42,41,529
43,41,5531
44,41,4075
45,41,309
46,41,21
47,41,6612
48,41,1519
49,41,1857
50,41,377
51,41,219
1,42,90
2,42,301
3,42,1657
5,42,1004
6,42,1340
9,42,104
10,42,716
11,42,536
13,42,842
14,42,1318
15,42,235
16,42,2842
17,42,104
19,42,37
20,42,42
22,42,44
23,42,571
24,42,5305
25,42,6
26,42,361
27,42,227
28,42,2999
29,42,588
30,42,86
32,42,240
33,42,112
34,42,565
35,42,1293
36,42,34
37,42,600
38,42,417
39,42,142
41,42,62
42,42,94655
43,42,181
44,42,1486
45,42,128
47,42,908
48,42,227
50,42,590
51,42,1043
1,43,8710
2,43,388
3,43,1680
4,43,6462
5,43,8761
6,43,3193
7,43,123
8,43,221
9,43,421
10,43,10451
11,43,16898
12,43,636
13,43,296
14,43,3223
15,43,3879
16,43,623
17,43,1066
18,43,16852
19,43,2495
20,43,394
21,43,1942
22,43,371
23,43,3106
24,43,874
25,43,7683
26,43,2676
27,43,266
28,43,226
29,43,96
30,43,126
31,43,1412
32,43,899
33,43,2660
34,43,6057
35,43,113
36,43,6468
37,43,1700
38,43,673
39,43,3742
40,43,210
41,43,3324
43,43,794556
44,43,10788
45,43,549
46,43,327
47,43,7482
48,43,2342
49,43,546
50,43,744
51,43,69
1,44,7973
2,44,2492
3,44,12688
4,44,14767
5,44,37087
6,44,22390
7,44,1214
8,44,883
9,44,1083
10,44,25532
11,44,15760
12,44,3007
13,44,1303
14,44,11011
15,44,6326
16,44,2334
17,44,6575
18,44,4661
19,44,30292
20,44,1637
21,44,3619
22,44,5203
23,44,9935
24,44,3062
25,44,5243
26,44,10293
27,44,1329
28,44,5343
29,44,7249
30,44,605
31,44,3801
32,44,13633
33,44,9151
34,44,6621
35,44,1862
36,44,11987
37,44,31595
38,44,4498
39,44,7006
40,44,207
41,44,8623
42,44,1156
43,44,7009
44,44,3648260
45,44,4507
46,44,185
47,44,11655
48,44,15491
49,44,1574
50,44,1984
51,44,1398
1,45,300
2,45,662
3,45,10577
5,45,8944
6,45,3856
7,45,398
8,45,475
9,45,75
10,45,2343
11,45,793
12,45,1040
13,45,6059
14,45,951
15,45,123
16,45,1482
17,45,196
18,45,140
19,45,179
20,45,182
21,45,223
22,45,548
23,45,642
24,45,919
25,45,332
26,45,1697
27,45,1232
28,45,734
29,45,3365
30,45,158
31,45,256
32,45,303
33,45,773
34,45,961
35,45,429
36,45,691
37,45,587
38,45,3443
39,45,1246
40,45,181
41,45,181
42,45,560
43,45,200
44,45,5234
45,45,373984
46,45,182
47,45,1426
48,45,4789
49,45,114
50,45,890
51,45,2140
1,46,66
2,46,68
5,46,745
6,46,914
7,46,608
9,46,445
10,46,2019
11,46,361
14,46,49
15,46,530
16,46,38
18,46,151
19,46,87
20,46,612
21,46,40
22,46,2246
24,46,177
26,46,88
27,46,53
30,46,2138
32,46,71
33,46,3882
34,46,212
36,46,68
38,46,176
39,46,446
40,46,621
41,46,91
43,46,38
44,46,349
45,46,122
46,46,60719
47,46,173
48,46,119
49,46,23
50,46,342
51,46,4
1,47,4935
2,47,1488
3,47,2233
4,47,1245
5,47,15753
6,47,6281
7,47,2555
8,47,1064
9,47,7975
10,47,16614
11,47,9438
12,47,2523
13,47,905
14,47,5233
15,47,1486
16,47,720
17,47,1986
18,47,5154
19,47,2055
20,47,570
21,47,22089
22,47,2984
23,47,2327
24,47,1034
25,47,1453
26,47,2684
27,47,278
28,47,615
29,47,1740
30,47,880
31,47,4458
32,47,425
33,47,10800
34,47,27302
35,47,166
36,47,5425
37,47,1013
38,47,1179
39,47,8419
40,47,485
41,47,7879
42,47,79
43,47,6098
44,47,13231
45,47,2413
46,47,740
47,47,889751
48,47,4233
49,47,5561
50,47,2573
51,47,451
1,48,2621
2,48,4548
3,48,13940
4,48,1477
5,48,36481
6,48,5524
7,48,2255
8,48,482
9,48,476
10,48,6339
11,48,3701
12,48,3790
13,48,8991
14,48,3075
15,48,1028
16,48,856
17,48,772
18,48,1121
19,48,1075
20,48,88
21,48,1525
22,48,1673
23,48,1430
24,48,1413
25,48,286
26,48,2518
27,48,3835
28,48,835
29,48,4680
30,48,428
31,48,2454
32,48,924
33,48,2986
34,48,3295
35,48,404
36,48,1979
37,48,1246
38,48,21862
39,48,3688
40,48,262
41,48,2510
42,48,557
43,48,2852
44,48,15325
45,48,4825
46,48,156
47,48,4615
48,48,919925
49,48,83
50,48,1555
51,48,1803
1,49,65
2,49,89
3,49,70
4,49,24
5,49,832
6,49,412
7,49,46
8,49,198
9,49,120
10,49,4964
11,49,1340
12,49,312
14,49,352
15,49,216
16,49,115
18,49,1174
19,49,110
20,49,43
21,49,2027
22,49,911
23,49,417
24,49,92
25,49,303
26,49,196
27,49,14
28,49,24
31,49,1252
33,49,631
34,49,2780
36,49,7548
37,49,44
38,49,66
39,49,4631
40,49,199
41,49,1680
43,49,1385
44,49,663
45,49,270
46,49,53
47,49,9041
48,49,157
49,49,172262
50,49,1090
1,50,417
2,50,23
3,50,6473
4,50,687
5,50,5668
6,50,3995
7,50,660
8,50,55
9,50,946
10,50,7412
11,50,2727
12,50,147
13,50,165
14,50,14507
15,50,2923
16,50,2537
17,50,893
18,50,581
19,50,339
20,50,321
21,50,353
22,50,441
23,50,4018
24,50,19255
25,50,1136
26,50,1503
27,50,146
28,50,560
29,50,2672
31,50,214
32,50,340
33,50,1878
34,50,2291
35,50,1398
36,50,2534
37,50,942
38,50,914
39,50,2426
40,50,2
41,50,341
42,50,481
43,50,1213
44,50,5982
45,50,158
46,50,137
47,50,858
48,50,1491
49,50,42
50,50,675623
51,50,168
1,51,9
2,51,246
3,51,2510
4,51,252
5,51,2047
6,51,2942
7,51,65
8,51,463
10,51,846
11,51,504
12,51,14
13,51,487
14,51,58
15,51,117
16,51,140
17,51,1285
18,51,57
19,51,357
20,51,21
21,51,80
23,51,841
24,51,224
26,51,1120
27,51,2413
28,51,965
29,51,933
30,51,162
31,51,15
32,51,283
33,51,688
34,51,153
35,51,139
36,51,1280
37,51,1763
38,51,914
39,51,195
40,51,23
41,51,632
42,51,1310
43,51,131
44,51,2500
45,51,1058
46,51,38
47,51,190
48,51,1507
50,51,14
51,51,66648